frame_count,mean_iou,median_iou,success_auc,mean_normalized_center_error,median_normalized_center_error,update_success_rate,longest_low_iou_streak_frames,first_failure_frame,time_to_first_failure_sec,success_rate_iou_025,success_rate_iou_050,success_rate_iou_075,video_stem,tracker_name,variant_name,ratio,target_bitrate_bps,actual_bitrate_bps
274,0.6417861174228292,0.5750448815421592,0.6494429504417979,0.05087204269670781,0.06018184558060438,1.0,0,-1,,1.0,0.8029197080291971,0.291970802919708,baseline,csrt,r0p3,0.3,9104642,9080371
274,0.743218070474997,0.714039370688987,0.7570111409911642,0.04474027175382601,0.044648301919323244,1.0,0,-1,,1.0,0.9124087591240876,0.4708029197080292,baseline,csrt,r0p15,0.15,4552321,4568505
274,0.611816424561952,0.5317059761394249,0.617556665386093,0.05279093181403639,0.06917274845428632,1.0,0,-1,,1.0,0.5985401459854015,0.2956204379562044,baseline,csrt,r0p08,0.08,2427904,2462619
274,0.9222634759835944,0.9353561192276647,0.9466000768344218,0.008814125601455758,0.007662748925030807,1.0,0,-1,,1.0,1.0,0.9890510948905109,baseline,csrt,r0p04,0.04,1213952,1243804
274,0.7710905510356894,0.7537597185176778,0.7842873607376104,0.03117722679307185,0.033070211655695375,1.0,0,-1,,1.0,0.9306569343065694,0.5036496350364964,baseline,csrt,r0p02,0.02,606976,634949
274,0.9945600885762007,1.0,1.0,0.0014265747329439914,0.0,1.0,0,-1,,1.0,1.0,1.0,baseline,kcf,r0p3,0.3,9104642,9080371
274,0.9945582881061661,0.9935275080906149,1.0,0.0020367444963873167,0.002894525748872607,1.0,0,-1,,1.0,1.0,1.0,baseline,kcf,r0p15,0.15,4552321,4568505
274,0.9948269683285984,0.9935275080906149,1.0,0.001770429353860898,0.002894525748872607,1.0,0,-1,,1.0,1.0,1.0,baseline,kcf,r0p08,0.08,2427904,2462619
274,0.021897810218978103,0.0,0.0218978102189781,0.9781021897810219,1.0,0.021897810218978103,268,6,0.25025,0.021897810218978103,0.021897810218978103,0.021897810218978103,baseline,kcf,r0p04,0.04,1213952,1243804
274,0.10537597033947399,0.0,0.10583941605839416,0.8942662235674771,1.0,0.10583941605839416,245,29,1.2095416666666665,0.10583941605839416,0.10583941605839416,0.10583941605839416,baseline,kcf,r0p02,0.02,606976,634949
415,0.9005887580640892,0.9232997139062401,0.9244134432466706,0.007625383096344447,0.006530252779710924,1.0,0,-1,,1.0,1.0,1.0,butterfly,csrt,r0p3,0.3,7091063,7114764
415,0.8163410884365441,0.8199863527283043,0.8342422320862397,0.014653370719206143,0.012476030417936075,1.0,0,-1,,1.0,1.0,0.8216867469879519,butterfly,csrt,r0p15,0.15,3545531,3568010
415,0.8306843432413695,0.850546945140103,0.8495878249841471,0.015855579004234392,0.010739057628254941,1.0,0,-1,,1.0,1.0,0.8530120481927711,butterfly,csrt,r0p08,0.08,1890950,1911779
415,0.79597556716534,0.7886102027468934,0.8120481927710843,0.012836469676748338,0.010220121606656054,1.0,0,-1,,1.0,1.0,0.6939759036144578,butterfly,csrt,r0p04,0.04,945475,947761
415,0.8221259981369288,0.8405766371967541,0.8398224476854788,0.021202989427912676,0.01219377294516701,1.0,0,-1,,1.0,1.0,0.8072289156626506,butterfly,csrt,r0p02,0.02,472737,440131
415,0.9867567290904999,0.9951632406287787,0.9903614457831326,0.010693456633395888,0.0014444409648616814,0.9903614457831326,4,-1,,0.9903614457831326,0.9903614457831326,0.9903614457831326,butterfly,kcf,r0p3,0.3,7091063,7114764
415,0.9857615654139615,0.9951632406287787,0.9903614457831326,0.010920888792327268,0.0014444409648616814,0.9903614457831326,4,-1,,0.9903614457831326,0.9903614457831326,0.9903614457831326,butterfly,kcf,r0p15,0.15,3545531,3568010
415,0.9846081585179062,0.9964093357271095,0.9903614457831326,0.011527411705536337,0.0014444409648616814,0.9903614457831326,4,-1,,0.9903614457831326,0.9903614457831326,0.9903614457831326,butterfly,kcf,r0p08,0.08,1890950,1911779
415,0.9834538509563214,0.9915985541697874,0.9903614457831326,0.011546998794898086,0.002042748002554669,0.9903614457831326,4,-1,,0.9903614457831326,0.9903614457831326,0.9903614457831326,butterfly,kcf,r0p04,0.04,945475,947761
415,0.9650417896795461,0.9868109021213007,0.9809765377298668,0.016718732040778214,0.003229868186916105,0.9903614457831326,4,-1,,0.9903614457831326,0.9903614457831326,0.9903614457831326,butterfly,kcf,r0p02,0.02,472737,440131
461,0.9691689770773195,0.9658044930176077,0.9937207443772119,0.0026361322279508355,0.003034262135014818,1.0,0,-1,,1.0,1.0,1.0,car,csrt,r0p3,0.3,7743084,7758826
461,0.9237816491095733,0.9242988334574336,0.9451992236556684,0.005790661222222451,0.005655384040744085,1.0,0,-1,,1.0,1.0,1.0,car,csrt,r0p15,0.15,3871542,3895486
461,0.9543611060774964,0.9601986710517484,0.9812764014156867,0.0061822903896290304,0.006111608642714248,1.0,0,-1,,1.0,1.0,1.0,car,csrt,r0p08,0.08,2064822,2117673
461,0.9082110754771704,0.8907845579078456,0.929101495604521,0.00507810195958683,0.004995851323020691,1.0,0,-1,,1.0,1.0,0.9956616052060737,car,csrt,r0p04,0.04,1032411,1077898
461,0.821259954337345,0.8188214599824098,0.8407352437492864,0.007976815184155071,0.007771066632120328,1.0,0,-1,,1.0,1.0,0.9436008676789588,car,csrt,r0p02,0.02,516205,600078
461,0.9901447330618788,1.0,0.9972599611827835,0.0021323478849070905,0.0,1.0,0,-1,,1.0,1.0,1.0,car,kcf,r0p3,0.3,7743084,7758826
461,0.9795834168962805,0.9864406779661017,0.9964607831944287,0.005227127747881523,0.006239376512786677,1.0,0,-1,,1.0,1.0,1.0,car,kcf,r0p15,0.15,3871542,3895486
461,0.9817515988411933,1.0,0.9938349126612627,0.003963861714314723,0.0,1.0,0,-1,,1.0,1.0,1.0,car,kcf,r0p08,0.08,2064822,2117673
461,0.9878145120458703,1.0,0.9984016440232903,0.0027904037501665035,0.0,1.0,0,-1,,1.0,1.0,1.0,car,kcf,r0p04,0.04,1032411,1077898
461,0.9677493595932646,0.9730639730639731,0.9860714693458158,0.010582790914635216,0.012478753025573355,1.0,0,-1,,1.0,1.0,1.0,car,kcf,r0p02,0.02,516205,600078
863,0.492978050531854,0.302073732718894,0.49259010794657554,0.07464823059770105,0.09774284751921361,1.0,0,-1,,0.6998841251448435,0.41251448435689453,0.3638470451911935,ducks,csrt,r0p3,0.3,25938055,25708291
863,0.48112977929672923,0.417251872659176,0.4810026224309325,0.08133390923867156,0.09747488195238707,1.0,9,401,13.380033333333333,0.7682502896871379,0.39165701042873696,0.20973348783314022,ducks,csrt,r0p15,0.15,12969027,13030742
863,0.423710512682463,0.26472534745201853,0.4197109227297677,0.0996925837097732,0.12979054970455856,1.0,63,400,13.346666666666668,0.5307068366164542,0.39165701042873696,0.26187717265353416,ducks,csrt,r0p08,0.08,6916814,6942154
863,0.6321975653153887,0.6709705498331641,0.6390803195706531,0.058612120095200365,0.06290424152776299,1.0,0,-1,,0.9733487833140209,0.6025492468134415,0.440324449594438,ducks,csrt,r0p04,0.04,3458407,3236155
863,0.7004322690994981,0.7558405724594837,0.7112276635969994,0.055160659307640345,0.04198445397898598,1.0,0,-1,,1.0,0.816917728852839,0.5144843568945539,ducks,csrt,r0p02,0.02,1729203,1692841
863,0.3503268458805418,0.0,0.3534183082271147,0.6474101025017985,1.0,0.35341830822711473,464,108,3.6036,0.35341830822711473,0.35341830822711473,0.35341830822711473,ducks,kcf,r0p3,0.3,25938055,25708291
863,0.3392362134471784,0.0,0.34494114777093365,0.6526413543131928,1.0,0.3499420625724218,464,108,3.6036,0.3499420625724218,0.3499420625724218,0.3499420625724218,ducks,kcf,r0p15,0.15,12969027,13030742
863,0.2109699221151668,0.0,0.2149173629322437,0.7857780928694915,1.0,0.21552723059096177,583,108,3.6036,0.21552723059096177,0.21552723059096177,0.21552723059096177,ducks,kcf,r0p08,0.08,6916814,6942154
863,0.20715055937702062,0.0,0.2115021040434226,0.7865764996616853,1.0,0.21668597914252608,583,108,3.6036,0.21668597914252608,0.21668597914252608,0.21668597914252608,ducks,kcf,r0p04,0.04,3458407,3236155
863,0.3060972595641882,0.0,0.31274013539062023,0.6773323914905465,1.0,0.373117033603708,464,89,2.9696333333333333,0.3290845886442642,0.3290845886442642,0.3290845886442642,ducks,kcf,r0p02,0.02,1729203,1692841
321,0.9422518487932763,0.9604624892019403,0.970814887686506,0.009665634318831013,0.004844980836797001,0.9968847352024922,1,-1,,0.9968847352024922,0.9937694704049844,0.9906542056074766,runner_dog,csrt,r0p3,0.3,9249607,9398107
321,0.8845760206475983,0.9242724867724867,0.9062141334645023,0.014173091667885865,0.009247118866417154,0.9968847352024922,1,-1,,0.9937694704049844,0.9906542056074766,0.8722741433021807,runner_dog,csrt,r0p15,0.15,4624803,4858907
321,0.6308788946893245,0.6498004419962398,0.6399409739301525,0.015604786466369855,0.008585765426162907,0.9968847352024922,1,-1,,0.9968847352024922,0.7975077881619937,0.19937694704049844,runner_dog,csrt,r0p08,0.08,2466562,2707057
321,0.7775749648734035,0.789656862745098,0.7935727168388261,0.0341254214740152,0.02459373686577442,0.9968847352024922,1,-1,,0.9937694704049844,0.9688473520249221,0.6510903426791277,runner_dog,csrt,r0p04,0.04,1233281,1343593
321,0.6237598328308849,0.7725627376425855,0.6371536317429086,0.24273158053693028,0.03181313732914361,0.778816199376947,71,250,8.341666666666667,0.778816199376947,0.778816199376947,0.6230529595015576,runner_dog,csrt,r0p02,0.02,616640,854955
321,0.983977096403551,0.9932885906040269,0.9921298573536644,0.00612492634111297,0.003021644509175606,0.9968847352024922,1,-1,,0.9968847352024922,0.9968847352024922,0.9968847352024922,runner_dog,kcf,r0p3,0.3,9249607,9398107
321,0.9479088773829484,0.9866220735785953,0.9586817511067388,0.015592199078071528,0.003021644509175606,0.9968847352024922,1,-1,,0.9968847352024922,0.9968847352024922,0.9034267912772586,runner_dog,kcf,r0p15,0.15,4624803,4858907
321,0.8889115313531827,0.9667982038372568,0.9042465978029185,0.033582425133327445,0.009555278928336467,0.9968847352024922,1,-1,,0.9968847352024922,0.9003115264797508,0.8442367601246106,runner_dog,kcf,r0p08,0.08,2466562,2707057
321,0.6382093230260757,0.7550491763467844,0.6505984587637318,0.25440575334813664,0.05701227457469021,0.778816199376947,71,250,8.341666666666667,0.778816199376947,0.778816199376947,0.5109034267912772,runner_dog,kcf,r0p04,0.04,1233281,1343593
321,0.6255776755286633,0.7590361445783133,0.6399409739301524,0.25756461767015065,0.0577284372908045,0.778816199376947,71,250,8.341666666666667,0.778816199376947,0.778816199376947,0.5607476635514018,runner_dog,kcf,r0p02,0.02,616640,854955
869,0.45618370457833707,0.552811218143126,0.45945127490763743,0.05993913686440007,0.029716223169444132,1.0,290,579,19.319300000000002,0.6214039125431531,0.5408515535097813,0.2094361334867664,sailboats,csrt,r0p3,0.3,16354190,16276286
869,0.7500723664058185,0.7278459933389511,0.7614923384410394,0.02227661635595749,0.022799503910390366,1.0,0,-1,,1.0,1.0,0.4154200230149597,sailboats,csrt,r0p15,0.15,8177095,8158225
869,0.4035771285290699,0.3716969429052167,0.4042153715704681,0.06302510325385778,0.03569383745897196,1.0,297,572,19.085733333333334,0.5926352128883774,0.33141542002301494,0.20598388952819333,sailboats,csrt,r0p08,0.08,4361117,4371417
869,0.3986028052097212,0.4029464074595717,0.39422203379565135,0.060202350153457616,0.029308642736797334,1.0,321,548,18.284933333333335,0.5799769850402762,0.3670886075949367,0.20598388952819333,sailboats,csrt,r0p04,0.04,2180558,2204805
869,0.4147553209996087,0.4525500920109796,0.4072436557446551,0.06144901713280043,0.028706787878797074,1.0,293,576,19.2192,0.5983889528193326,0.35097813578826237,0.20598388952819333,sailboats,csrt,r0p02,0.02,1090279,1112194
869,0.9911126865318338,1.0,1.0,0.002544567782178107,0.0,1.0,0,-1,,1.0,1.0,1.0,sailboats,kcf,r0p3,0.3,16354190,16276286
869,0.979918648976903,0.9858657243816255,0.995154745321301,0.006208141319567934,0.005866894045810986,1.0,0,-1,,1.0,1.0,1.0,sailboats,kcf,r0p15,0.15,8177095,8158225
869,0.9557509637822091,0.9657828443010674,0.9729271394827691,0.011737658805772702,0.008297041128591856,1.0,0,-1,,1.0,1.0,1.0,sailboats,kcf,r0p08,0.08,4361117,4371417
869,0.9659515506594483,0.9657828443010674,0.9846163163951305,0.010007081146334574,0.011733788091621972,1.0,0,-1,,1.0,1.0,1.0,sailboats,kcf,r0p04,0.04,2180558,2204805
869,0.9656503402330223,0.9657828443010674,0.9861910241657078,0.009759834073733039,0.008297041128591856,1.0,0,-1,,1.0,1.0,1.0,sailboats,kcf,r0p02,0.02,1090279,1112194
607,0.7104567793595432,0.7603940557689096,0.7220150871412467,0.03125043509550153,0.03268602252303067,1.0,0,-1,,1.0,0.8731466227347611,0.5123558484349259,traffic,csrt,r0p3,0.3,9670595,9693418
607,0.6612034431058752,0.6254555649004766,0.6690366773606174,0.04147391699852833,0.04528067321182225,1.0,0,-1,,1.0,0.8830313014827018,0.3640856672158155,traffic,csrt,r0p15,0.15,4835297,4921908
607,0.6798860686611795,0.7010088272383355,0.6882857886066072,0.05090989485720455,0.05354987464491048,1.0,0,-1,,1.0,0.7907742998352554,0.3525535420098847,traffic,csrt,r0p08,0.08,2578825,2701680
607,0.5923644741320412,0.5446685878962536,0.5973294025838897,0.10072525372990958,0.10415676976136917,1.0,0,-1,,1.0,0.6326194398682042,0.21911037891268534,traffic,csrt,r0p04,0.04,1289412,1359606
607,0.4348323659006294,0.3985122210414453,0.43301829532645447,0.20653528961508158,0.23684849855894183,1.0,19,588,19.6,0.7841845140032949,0.29654036243822074,0.15485996705107083,traffic,csrt,r0p02,0.02,644706,622528
607,0.9909320087783873,1.0,0.9942772912511922,0.002575633291276577,0.0,1.0,0,-1,,1.0,1.0,1.0,traffic,kcf,r0p3,0.3,9670595,9693418
607,0.9923459515854873,1.0,0.9955779068759213,0.00219361054398801,0.0,1.0,0,-1,,1.0,1.0,1.0,traffic,kcf,r0p15,0.15,4835297,4921908
607,0.9842299755358773,1.0,0.9901153212520593,0.004284462435918226,0.0,1.0,0,-1,,1.0,1.0,1.0,traffic,kcf,r0p08,0.08,2578825,2701680
607,0.9560309190702427,0.9714285714285714,0.9760686725049857,0.012278911815869653,0.013111160561322286,1.0,0,-1,,1.0,1.0,1.0,traffic,kcf,r0p04,0.04,1289412,1359606
607,0.8299154986229185,0.8602239734549979,0.8432324633659933,0.04300453484137336,0.03708396216854644,1.0,0,-1,,1.0,1.0,0.7380560131795717,traffic,kcf,r0p02,0.02,644706,622528
580,0.8519803070155598,0.8902179691653376,0.8712341197822141,0.015442277826409829,0.008404372219363996,1.0,0,-1,,1.0,1.0,0.7448275862068966,walk_into_sun,csrt,r0p3,0.3,6432795,6380470
580,0.9142870051524199,0.9234564318363201,0.9381125226860254,0.008904839027156058,0.0055653128049708645,1.0,0,-1,,1.0,1.0,0.993103448275862,walk_into_sun,csrt,r0p15,0.15,3216397,3212916
580,0.6927463360802665,0.6208236796451188,0.7030852994555353,0.031125999262247444,0.03546814112398844,1.0,0,-1,,1.0,0.8241379310344827,0.38448275862068965,walk_into_sun,csrt,r0p08,0.08,1715412,1730585
580,0.7604371105135788,0.7606915204669134,0.7748638838475499,0.023623163816847266,0.022112207849220814,1.0,0,-1,,1.0,0.9982758620689656,0.5362068965517242,walk_into_sun,csrt,r0p04,0.04,857706,878089
580,0.7521760249745677,0.8544360233614721,0.7685117967332122,0.03379641860785898,0.011598606876949405,1.0,0,-1,,1.0,0.7586206896551724,0.6551724137931034,walk_into_sun,csrt,r0p02,0.02,428853,445527
580,0.13768408577756286,0.0,0.1379310344827586,0.8621590095082468,1.0,0.13793103448275862,475,74,2.469133333333333,0.13793103448275862,0.13793103448275862,0.13793103448275862,walk_into_sun,kcf,r0p3,0.3,6432795,6380470
580,0.13769691308939572,0.0,0.1379310344827586,0.8621410464188272,1.0,0.13793103448275862,475,74,2.469133333333333,0.13793103448275862,0.13793103448275862,0.13793103448275862,walk_into_sun,kcf,r0p15,0.15,3216397,3212916
580,0.13754403790611938,0.0,0.1379310344827586,0.8621811972961043,1.0,0.13793103448275862,475,74,2.469133333333333,0.13793103448275862,0.13793103448275862,0.13793103448275862,walk_into_sun,kcf,r0p08,0.08,1715412,1730585
580,0.13754573455960065,0.0,0.1379310344827586,0.8622099114635915,1.0,0.13793103448275862,475,74,2.469133333333333,0.13793103448275862,0.13793103448275862,0.13793103448275862,walk_into_sun,kcf,r0p04,0.04,857706,878089
580,0.137157520697535,0.0,0.1379310344827586,0.8622500482605385,1.0,0.13793103448275862,475,74,2.469133333333333,0.13793103448275862,0.13793103448275862,0.13793103448275862,walk_into_sun,kcf,r0p02,0.02,428853,445527
344,0.9742316106488127,0.9664082259303435,0.9957160342717258,0.0021778751644402753,0.0018807677770350693,1.0,0,-1,,1.0,1.0,1.0,zipline,csrt,r0p3,0.3,6094354,6494215
344,0.9627345948275418,0.9864676908275206,0.9811811505507956,0.0031942898533441977,0.0027133695351297463,1.0,0,-1,,1.0,1.0,0.9767441860465116,zipline,csrt,r0p15,0.15,3047177,3375280
344,0.9689284320023609,0.9626968775904946,0.9946450428396572,0.0035323222800380154,0.003385697137055578,1.0,0,-1,,1.0,1.0,1.0,zipline,csrt,r0p08,0.08,1625161,1839935
344,0.9185266237923322,0.9518962182561731,0.944920440636475,0.008373038702241396,0.00758595905957613,1.0,0,-1,,1.0,1.0,1.0,zipline,csrt,r0p04,0.04,812580,880171
344,0.7704267459495666,0.8532758349617052,0.7839657282741737,0.09432162897298249,0.03242620373871129,1.0,18,326,10.877533333333334,0.9302325581395349,0.8837209302325582,0.8226744186046512,zipline,csrt,r0p02,0.02,406290,606198
344,0.9953870595536141,0.9924098671726755,1.0,0.0015389103038758673,0.0027665031304361406,1.0,0,-1,,1.0,1.0,1.0,zipline,kcf,r0p3,0.3,6094354,6494215
344,0.9914888980069116,0.9924098671726755,1.0,0.0028275996442067215,0.0027665031304361406,1.0,0,-1,,1.0,1.0,1.0,zipline,kcf,r0p15,0.15,3047177,3375280
344,0.98881683370733,0.9924098671726755,1.0,0.003537981555873862,0.0027665031304361406,1.0,0,-1,,1.0,1.0,1.0,zipline,kcf,r0p08,0.08,1625161,1839935
344,0.9815545016478248,0.9840319361277445,0.9990820073439413,0.00549289877340998,0.005533006260872281,1.0,0,-1,,1.0,1.0,1.0,zipline,kcf,r0p04,0.04,812580,880171
344,0.8647758442952547,0.924488979352323,0.8814259485924113,0.045595217972746474,0.02281316924078024,1.0,0,-1,,1.0,0.9505813953488372,0.8633720930232558,zipline,kcf,r0p02,0.02,406290,606198
